name,age,country,column,header,city,sky,weather,sea
Oladele Damilola,40,Nigeria,hi,re,shine,bee,lmao,nmo
Oladele Damilola,40,Nigeria,hi,re,shine,bee,lmao,nmo
Oladele Damilola,40,Nigeria,hi,re,shine,bee,lmao,nmo
Oladele Damilola,40,Nigeria,hi,re,shine,bee,lmao,nmo
Oladele Damilola,40,Nigeria,hi,re,shine,bee,lmao,nmo
Oladele Damilola,40,Nigeria,hi,re,shine,bee,lmao,nmo
Oladele Damilola,40,Nigeria,hi,re,shine,bee,lmao,nmo
Oladele Damilola,40,Nigeria,hi,re,shine,bee,lmao,nmo
Oladele Damilola,40,Nigeria,hi,re,shine,bee,lmao,nmo
Oladele Damilola,40,Nigeria,hi,re,shine,bee,lmao,nmo
